ID,email_address
4,bhamilton3h@twitter.com
8,ncampbell1@marriott.com
12,tgarcia3@macromedia.com
15,rturner4@wsj.com
19,mkelly5@symantec.com
22,sperez6@51.la
26,drodriguez8@archive.org
30,awashingtond@vinaora.com
34,nmasone@unc.edu
38,lwarrenf@google.cn
42,pmyersg@ocn.ne.jp
46,myoungk@earthlink.net
49,shughesm@php.net
52,pgibsono@netvibes.com
56,pnguyenq@prnewswire.com
61,lparkert@sakura.ne.jp
65,swhitex@blog.com
69,pmason10@telegraph.co.uk
73,anguyen14@pagesperso-orange.fr
77,mpeters15@ted.com
81,lrose19@t.co
85,slynch1c@squidoo.com
89,pburns1f@wp.com
97,dcox1n@live.com
101,skelly1o@fema.gov
105,mmason1t@ning.com
109,mhughes1w@so-net.ne.jp
113,tharrison1y@g.co
117,cgordon21@discuz.net
120,bthompson23@netvibes.com
123,baustin25@huffingtonpost.com
127,lhernandez26@hud.gov
130,lporter29@fotki.com
134,dmcdonald2a@reuters.com
140,mlewis2d@wsj.com
146,cchavez2j@blinklist.com
150,abennett2n@furl.net
154,iaustin2s@imdb.com
158,sruiz2t@sourceforge.net
161,dmills2u@walmart.com
165,mwarren30@fastcompany.com
169,jfernandez32@vinaora.com
173,hgarrett35@mac.com
178,slee37@networkadvertising.org
182,krogers38@prlog.org
186,ggrant39@ifeng.com
190,tgarza3a@amazon.co.jp
194,glane3c@networkadvertising.org
198,dcole3e@fda.gov
202,arobertson3f@sun.com
206,parnold3g@pcworld.com
210,pscott3i@rakuten.co.jp
213,lbaker3m@jiathis.com
216,rlong3q@photobucket.com
220,jking3s@cocolog-nifty.com
224,jbarnes3t@latimes.com
228,rgreen3v@latimes.com
231,btorres3w@state.tx.us
235,rcrawford3y@wunderground.com
239,cbrown41@yellowbook.com
245,wwebb44@yellowpages.com
248,khawkins45@booking.com
251,jgray4b@senate.gov
255,lstephens4f@sciencedaily.com
259,jdunn4j@icio.us
263,spayne4m@ow.ly
267,pwelch4p@ezinearticles.com
271,ewood4q@ftc.gov
275,rcastillo4r@1688.com
279,hhoward4y@diigo.com
283,jcoleman53@infoseek.co.jp
287,chayes54@census.gov
291,rhanson55@japanpost.jp
295,rlee56@ifeng.com
301,dmoreno5b@photobucket.com
305,nwoods5d@myspace.com
309,wlawrence5f@livejournal.com
313,hsims5h@ted.com
316,nwatson5i@eepurl.com
322,rbradley5o@auda.org.au
326,krobertson5p@sciencedirect.com
330,afox5q@bbc.co.uk
334,rwilliamson5t@sphinn.com
338,rparker5u@twitpic.com
342,sthompson5v@economist.com
346,pelliott61@cbsnews.com
352,lturner68@ning.com
356,pmurray69@pbs.org
359,jblack6a@amazon.de
362,wweaver6b@theguardian.com
366,psanders6c@oracle.com
372,rhunter6m@xing.com
375,dwagner6p@w3.org
378,jmoore6q@icio.us
381,brobinson6v@shutterfly.com
385,bwest6y@deviantart.com
388,hcoleman73@e-recht24.de
392,jrogers74@mayoclinic.com
396,kpeterson76@tinyurl.com
400,jmoreno77@fotki.com
406,jlewis7c@answers.com
410,eblack7f@state.tx.us
414,cfoster7g@springer.com
418,dford7h@skype.com
422,amcdonald7l@ebay.com
426,jmurphy7m@tinypic.com
430,redwards7o@wordpress.com
435,jfox7v@imdb.com
439,pgardner7x@feedburner.com
443,kevans7z@mtv.com
447,awatson82@histats.com
451,acooper84@a8.net
455,bedwards8a@ihg.com
459,pmcdonald8c@tripod.com
463,dmartin8d@imgur.com
467,jrodriguez8h@ning.com
470,bbaker8i@furl.net
474,pcarr8n@latimes.com
478,nhernandez8o@angelfire.com
482,rortiz8s@artisteer.com
486,saustin8t@admin.ch
489,arice8u@amazon.co.jp
493,mcruz8w@gov.uk
499,jarnold90@elpais.com
502,djordan92@salon.com
508,mphillips96@zdnet.com
511,ageorge99@sourceforge.net
515,brussell9e@fema.gov
518,cmatthews9i@google.com.br
522,jrussell9j@cmu.edu
526,rfuller9l@geocities.jp
530,wdixon9o@usa.gov
534,bbailey9p@symantec.com
538,jpayne9q@globo.com
542,chawkins9t@ovh.net
545,ftaylor9u@blogs.com
549,bmorenoa3@cnbc.com
553,rpiercea6@google.fr
557,mpattersona7@infoseek.co.jp
561,ccastilloaf@blogspot.com
564,jweaverai@usatoday.com
568,ccarpenteraj@wikispaces.com
571,cknightam@shareasale.com
575,jjacobsan@storify.com
579,amccoyao@disqus.com
583,ltuckerap@example.com
587,jgarzaaq@intel.com
591,egutierrezat@elegantthemes.com
595,npayneau@craigslist.org
599,jreidav@photobucket.com
603,bboydax@skyrock.com
607,rcruzaz@prlog.org
610,jmurrayb3@usgs.gov
613,llarsonb5@bloglines.com
617,jholmesb6@ebay.co.uk
621,sburkeb9@prlog.org
625,jrogersbb@multiply.com
629,jfernandezbc@newyorker.com
633,arobertsonbd@liveinternet.ru
637,lfranklinbe@ask.com
643,afreemanbg@home.pl
649,jburkebk@biblegateway.com
653,gvasquezbm@sitemeter.com
657,mriverabo@jalbum.net
661,dstanleybu@about.me
665,hrobertsonbv@feedburner.com
669,calexanderbw@clickbank.net
673,nhansenbx@e-recht24.de
677,mspencerc1@phoca.cz
681,rcolemanc5@qq.com
684,eandersonc8@yahoo.co.jp
688,hpattersoncb@ovh.net
692,fwilliamsoncc@washingtonpost.com
696,hdaycf@feedburner.com
700,wperezcg@jiathis.com
704,rnicholsch@yolasite.com
708,ahernandezcn@paginegialle.it
712,rreynoldsco@gravatar.com
715,ageorgecp@telegraph.co.uk
719,jfordcr@bigcartel.com
723,dbutlercs@amazonaws.com
731,kfranklincy@purevolume.com
735,lhuntercz@apache.org
739,njacksond6@huffingtonpost.com
743,dbradleyd8@sogou.com
747,varmstrongdd@cbslocal.com
751,mjohnstondj@craigslist.org
755,fsullivandl@eepurl.com
759,rwarrendn@slashdot.org
763,lboydds@paypal.com
767,jfosterdt@berkeley.edu
771,mgibsondu@msn.com
775,kalexanderak@wsj.com
779,bkennedy4a@nationalgeographic.com
782,dfrazier80@dagondesign.com
787,ewilliamson6e@stanford.edu
791,cross65@cbc.ca
795,wnguyen7i@reference.com
801,staylor16@loc.gov
805,vallen9v@reuters.com
809,dhall4v@wiley.com
812,rhansen9a@ycombinator.com
815,kharper5z@bloglovin.com
819,cblack5k@nasa.gov
823,cwhite8k@nasa.gov
827,kwood5m@naver.com
831,awillis9r@boston.com
835,mdaniels63@paypal.com
838,mmurrayd1@independent.co.uk
842,smyersas@google.com
846,eclark1u@4shared.com
852,jjohnstonc@redcross.org
856,bmartin6f@bing.com
860,abailey4o@springer.com
866,kpetersdo@sourceforge.net
869,dmurray2p@phoca.cz
873,kwheelera8@qq.com
876,awarddi@youku.com
880,jpowell72@npr.org
884,jcampbell1p@drupal.org
887,gowens20@netlog.com
891,jwoods22@delicious.com
895,mjackson8l@examiner.com
899,ahicks5e@umn.edu
903,jcrawford4t@facebook.com
907,jhudsond0@bbc.co.uk
913,pperry4d@goo.ne.jp
916,pbryantct@walmart.com
919,dford8e@yandex.ru
922,jhuntci@acquirethisname.com
925,hlopez7y@feedburner.com
929,wmasondf@wikimedia.org
933,achapmanb7@bloglovin.com
937,kcarrollh@webnode.com
941,jfieldsc4@sakura.ne.jp
945,gross34@i2i.jp
948,hrice12@odnoklassniki.ru
954,lreed9d@nydailynews.com
958,mlawrence6j@163.com
964,wsmith9c@nhs.uk
968,bmoore1g@rediff.com
972,rbrooksn@umich.edu
976,aduncan3x@marriott.com
980,wwheeler2b@economist.com
984,drobinson52@vk.com
988,cpatterson7a@sbwire.com
992,kallenca@alexa.com
996,jfloresba@istockphoto.com
1000,cmatthews4s@utexas.edu
1004,bcook18@blog.com
1008,jreyesbl@is.gd
1012,clawrence6u@hud.gov
1016,coliver28@biblegateway.com
1020,djackson7t@themeforest.net
1023,bwillisac@weather.com
1026,afoster97@altervista.org
1030,sjacksonbh@1688.com
1034,pshaw81@addthis.com
1038,hjonesdg@google.com.hk
1042,wnguyen7n@homestead.com
1045,jjacobs1m@apache.org
1048,abradleya0@ca.gov
1052,haustini@unblog.fr
1060,bwilliamsbs@last.fm
1066,cmartin71@google.it
1072,tpowell33@163.com
1075,aalexander9b@bbc.co.uk
1079,psims24@redcross.org
1083,pbutlercj@exblog.jp
1087,vharpery@prlog.org
1091,cmarshall8m@phpbb.com
1095,amoreno6r@4shared.com
1099,jellis66@theglobeandmail.com
1103,jshawd9@webnode.com
1107,jmccoyd5@php.net
1110,pturner6o@unc.edu
1113,phansonby@vk.com
1117,aphillips8p@nasa.gov
1121,ethompson9y@google.com.br
1125,kelliottd7@dell.com
1132,fchapman17@phoca.cz
1137,jfuller6l@ameblo.jp
1143,wmurray75@etsy.com
1147,lmartinez7s@hubpages.com
1150,jcunningham83@ask.com
1154,hjacobs91@virginia.edu
1158,dbrown93@huffingtonpost.com
1161,tfoster95@mayoclinic.com
1165,holiver9w@hud.gov
1169,jhamiltona2@angelfire.com
1173,egutierrezab@yolasite.com
1177,eberryad@myspace.com
1181,ageorgeal@so-net.ne.jp
1185,nhughesar@nytimes.com
1189,jhuntb0@ebay.co.uk
1193,mmillsb8@ycombinator.com
1197,pwheelerbn@jugem.jp
1201,amontgomerybq@chron.com
1205,jfullerbr@pinterest.com
1209,mmartinc6@ibm.com
1213,wjamescl@google.ru
1217,egreencm@infoseek.co.jp
1221,djohnstoncq@indiatimes.com
1225,cfullerd3@amazon.com
1229,lhughesdk@who.int
1233,pjenkinsdm@bbc.co.uk
1237,kfernandezdp@geocities.com
1241,bgilbert3b@google.pl
1249,ihansonl@php.net
1252,ldayu@cnn.com
1256,jbutlerw@sogou.com
1260,dnichols13@cbsnews.com
1264,lrichards1z@google.ca
1267,amurphy2f@slate.com
1270,cknight2k@jiathis.com
1274,mhowell2m@dailymail.co.uk
1282,pwilliamson3p@google.com.hk
1285,jkelly3z@google.com.hk
1288,bmorales43@washington.edu
1292,drogers48@wisc.edu
1296,jnguyen4c@pcworld.com
1300,nbarnes4k@ow.ly
1303,vgibson4z@shutterfly.com
1307,rdean5c@webeden.co.uk
1311,pcarr5n@ustream.tv
1315,cgray5r@about.me
1319,dbradley60@ebay.co.uk
1322,daustin67@dion.ne.jp
