ID,surname,nhs_no,name,age
0,Hamilton,117-66-8129,Todd,
2,Hamilton,991-70-5333,Benjamin,
5,Campbell,620-83-1546,Nancy,
9,Garcia,595-90-8809,Todd,
13,Turner,556-65-1110,Rachel,
16,Kelly,770-22-6561,Mildred,
20,Perez,627-79-5997,Stephen,
23,Rodriguez,801-38-9691,Denise,
27,Washington,664-34-9245,Antonio,
31,Mason,506-14-4016,Nicholas,
35,Warren,513-35-3310,Lawrence,
39,Myers,627-15-0737,Phillip,
43,Young,791-62-3536,Mary,
47,Hughes,821-11-2735,Stephanie,
50,Gibson,838-11-7607,Pamela,
53,Nguyen,484-37-1068,Paul,
57,Rodriguez,529-97-6193,Gregory,
59,Parker,581-26-5472,Louis,
62,White,797-43-7696,Sharon,
66,Mason,444-91-2379,Philip,
70,Nguyen,666-57-8563,Anne,
74,Peters,686-68-0909,Mary,
78,Rose,699-67-1766,Louis,
82,Lynch,756-76-4958,Stephanie,
86,Burns,497-20-7808,Peter,
90,Riley,801-08-0289,Sarah,
92,Reyes,777-00-7153,Judith,
94,Cox,456-46-1699,Diane,
98,Kelly,760-58-1758,Scott,
102,Mason,661-39-2243,Michael,
106,Hughes,678-06-9352,Maria,
110,Harrison,525-30-4448,Thomas,
114,Gordon,585-92-9741,Craig,
118,Thompson,552-54-9978,Bobby,
121,Austin,641-55-5639,Brian,
124,Hernandez,638-96-9343,Lois,
128,Porter,555-44-2746,Lillian,
131,Mcdonald,442-54-3651,Dennis,
135,Brown,586-76-9388,Gregory,
137,Lewis,659-27-7887,Maria,
141,Collins,795-37-7998,Irene,
143,Chavez,766-98-1818,Carlos,
147,Bennett,508-10-3584,Ashley,
151,Austin,709-64-4352,Irene,
155,Ruiz,640-26-0925,Sandra,
159,Mills,589-69-0106,David,
162,Warren,520-24-8922,Melissa,
166,Fernandez,598-89-4448,Jerry,
170,Garrett,577-47-4459,Harry,
174,Ferguson,709-43-8302,Eugene,
175,Lee,630-78-2095,Stephen,
179,Rogers,819-35-6503,Kathleen,
183,Grant,774-09-5550,George,
187,Garza,606-92-8035,Timothy,
191,Lane,493-92-1993,Gary,
195,Cole,689-65-9692,Douglas,
199,Robertson,554-93-4466,Ashley,
203,Arnold,633-71-2217,Paul,
207,Scott,660-62-5107,Philip,
211,Baker,675-57-0293,Linda,
214,Long,785-79-1645,Rebecca,
217,King,825-47-6075,Juan,
221,Barnes,529-47-8404,Jeremy,
225,Green,458-11-9205,Richard,
229,Torres,502-01-4060,Barbara,
232,Crawford,673-28-6979,Rose,
236,Brown,761-47-7037,Christine,
240,Knight,481-52-1716,James,
242,Webb,649-53-9893,Wanda,
246,Hawkins,773-64-9939,Kevin,
249,Gray,695-36-0203,Jennifer,
252,Stephens,534-70-7883,Lawrence,
256,Dunn,707-08-4356,Jessica,
260,Payne,552-99-8341,Sandra,
264,Welch,625-92-4356,Philip,
268,Wood,484-38-1830,Evelyn,
272,Castillo,535-67-6237,Ryan,
276,Howard,611-48-1839,Heather,
280,Coleman,591-90-2791,Janice,
284,Hayes,596-61-3861,Carl,
288,Hanson,799-52-5205,Richard,
292,Lee,450-68-4090,Rebecca,
296,Franklin,606-54-1149,Richard,
298,Moreno,504-30-7137,Daniel,
302,Woods,827-46-6267,Nicholas,
306,Lawrence,792-88-0162,William,
310,Sims,683-87-3766,Harry,
314,Watson,689-85-2810,Nicholas,
317,Chavez,520-74-1446,Evelyn,
319,Bradley,695-46-9632,Rachel,
323,Robertson,585-01-6112,Kelly,
327,Fox,576-99-9244,Ann,
331,Williamson,452-95-4283,Raymond,
335,Parker,545-33-7212,Rose,
339,Thompson,444-08-9581,Sharon,
343,Elliott,456-41-9569,Patricia,
347,Knight,673-07-4750,Peter,
349,Turner,505-69-9935,Larry,
353,Murray,690-09-2036,Phyllis,
357,Black,679-66-9286,Joshua,
360,Weaver,543-43-9738,Wanda,
363,Sanders,816-84-2237,Patrick,
367,Bryant,436-67-3063,Shirley,
369,Hunter,568-22-7686,Rachel,
373,Wagner,658-56-4620,Diane,
376,Moore,647-19-8518,Judith,
379,Robinson,528-85-4153,Bonnie,
382,West,620-85-3606,Brenda,
386,Coleman,706-24-9599,Henry,
389,Rogers,534-62-8298,Jennifer,
393,Peterson,434-76-7869,Kelly,
397,Moreno,780-64-7865,Julie,
401,Ford,600-92-0796,Philip,
403,Lewis,822-58-3710,Jeffrey,
407,Black,439-13-7582,Eric,
411,Foster,820-53-4909,Cynthia,
415,Ford,692-38-3827,Dennis,
419,Mcdonald,531-09-1058,Alice,
423,Murphy,803-26-5349,Jonathan,
427,Edwards,824-65-1090,Randy,
431,Rice,632-68-0917,Anne,
433,Fox,641-52-2437,Johnny,
436,Gardner,775-75-2532,Philip,
440,Evans,784-43-0212,Karen,
444,Watson,765-24-1639,Amy,
448,Cooper,438-07-5350,Amanda,
452,Edwards,778-24-6852,Brenda,
456,Mcdonald,632-58-9372,Patricia,
460,Martin,447-68-8669,Douglas,
464,Rodriguez,507-22-5331,Judith,
468,Baker,576-82-7408,Bruce,
471,Carr,577-08-1339,Phillip,
475,Hernandez,596-71-0231,Norma,
479,Ortiz,537-27-1654,Rose,
483,Austin,490-89-5771,Scott,
487,Rice,612-83-6356,Anne,
490,Cruz,560-44-9582,Margaret,
494,Hawkins,680-41-2384,Gary,
496,Arnold,800-78-8581,Justin,
500,Jordan,520-50-0673,Donna,
503,Gonzales,773-71-9737,Mary,
505,Phillips,569-73-6017,Matthew,
509,George,575-05-6519,Annie,
512,Russell,680-93-7668,Bobby,
516,Matthews,609-34-3409,Carl,
519,Russell,834-40-2242,Jonathan,
523,Fuller,626-48-1142,Rachel,
527,Dixon,763-27-9872,William,
531,Bailey,446-36-0249,Billy,
535,Payne,438-49-1893,Justin,
539,Hawkins,814-78-4935,Carolyn,
543,Taylor,710-72-8214,Frank,
546,Moreno,673-48-8212,Barbara,
550,Pierce,463-00-8389,Roy,
554,Patterson,600-92-0643,Michelle,
558,Castillo,837-88-3558,Christine,
562,Weaver,431-33-8884,John,
565,Carpenter,651-47-1970,Christine,
569,Knight,690-37-4924,Cynthia,
572,Jacobs,446-63-4367,Jennifer,
576,Mccoy,556-15-9637,Angela,
580,Tucker,784-14-7719,Louis,
584,Garza,821-24-9412,Johnny,
588,Gutierrez,510-39-9110,Eric,
592,Payne,699-85-1673,Norma,
596,Reid,576-60-7800,Julia,
600,Boyd,759-01-0406,Billy,
604,Cruz,534-57-0755,Ralph,
608,Murray,653-64-4372,Jennifer,
611,Larson,691-51-9612,Lois,
614,Holmes,674-92-1788,Jacqueline,
618,Burke,821-35-7665,Stephen,
622,Rogers,508-75-5974,Joseph,
626,Fernandez,744-46-9190,Judith,
630,Robertson,455-19-0708,Amanda,
634,Franklin,552-42-2675,Lillian,
638,Graham,615-88-9385,Wanda,
640,Freeman,804-54-6976,Anne,
644,Hall,428-68-7549,Gregory,
646,Burke,660-53-6807,Joyce,
650,Vasquez,679-81-5309,Gary,
654,Rivera,649-24-1018,Maria,
658,Stanley,681-29-5922,Daniel,
662,Robertson,430-16-3985,Harold,
666,Alexander,820-74-9970,Charles,
670,Hansen,659-67-2728,Norma,
674,Spencer,538-52-3401,Mildred,
678,Coleman,436-38-3179,Richard,
682,Anderson,687-34-2480,Elizabeth,
685,Patterson,699-06-8530,Heather,
689,Williamson,468-82-3915,Fred,
693,Day,806-49-7942,Howard,
697,Perez,503-57-3996,William,
701,Nichols,662-28-8348,Richard,
705,Edwards,831-20-7307,Phillip,
706,Hernandez,692-42-9948,Antonio,
709,Reynolds,786-70-5968,Ruby,
713,George,800-46-2184,Andrea,
716,Ford,483-40-6408,Jimmy,
720,Butler,694-81-0546,Denise,
724,Walker,475-65-9761,Harold,
726,Fuller,646-37-8429,Nancy,
728,Franklin,613-15-7837,Kelly,
732,Hunter,694-00-4113,Larry,
736,Jackson,760-95-8112,Norma,
740,Bradley,817-89-6264,Dennis,
744,Armstrong,502-24-6207,Victor,
748,Johnston,821-53-7430,Marilyn,
752,Sullivan,517-87-6459,Frances,
756,Warren,436-61-3192,Rebecca,
760,Boyd,696-28-4220,Linda,
764,Foster,563-60-8705,Jessica,
768,Gibson,537-30-3032,Melissa,
772,Alexander,548-59-5017,Kimberly,12
776,Kennedy,856-03-3848,Betty,
780,Frazier,274-27-6513,Donna,
783,Day,888-09-8856,Gloria,
784,Williamson,243-46-3035,Emily,
788,Ross,839-36-4360,Cheryl,
792,Nguyen,298-33-3046,William,
796,Fisher,871-98-0966,Mark,
798,Taylor,260-71-8148,Scott,
802,Allen,910-33-1979,Virginia,
806,Hall,213-32-1448,Dorothy,
810,Hansen,842-04-5706,Ruth,
813,Harper,291-79-2723,Kathy,
816,Black,859-81-0332,Carlos,
820,White,270-75-5897,Catherine,
824,Wood,859-40-9947,Kimberly,
828,Willis,271-78-8919,Arthur,
832,Daniels,872-88-7149,Martin,
836,Murray,258-98-0727,Mary,
839,Myers,917-80-4656,Sean,
843,Clark,205-52-5697,Ernest,
847,Richardson,874-32-9427,Karen,
849,Johnston,253-58-9660,Jerry,
853,Martin,853-69-5350,Brandon,
857,Bailey,276-19-9235,Amy,
861,Walker,879-22-8665,Raymond,
863,Peters,250-75-5238,Kathleen,
867,Murray,900-41-3309,Diana,
870,Wheeler,218-31-0921,Kathy,
874,Ward,881-20-2396,Alan,
877,Powell,249-54-6589,Jack,
881,Campbell,858-54-4075,Jeffrey,
885,Owens,272-95-2412,Gloria,
888,Woods,843-95-9006,Jane,
892,Jackson,289-76-4820,Mark,
896,Hicks,852-52-0933,Alan,
900,Crawford,280-97-6061,Joan,
904,Hudson,899-42-6637,James,
908,Palmer,219-06-7487,Henry,
910,Perry,884-33-9676,Phillip,
914,Bryant,245-63-7539,Peter,
917,Ford,838-45-9343,Deborah,
920,Hunt,298-36-6290,Jonathan,
923,Lopez,915-75-5600,Harry,
926,Mason,206-59-6235,Wayne,
930,Chapman,878-32-2595,Anna,
934,Carroll,252-29-4929,Kenneth,
938,Fields,915-74-6216,Joshua,
942,Ross,209-45-4933,Gary,
946,Rice,913-31-1925,Helen,
949,Scott,212-34-2732,Christopher,
951,Reed,852-88-1263,Larry,
955,Lawrence,276-40-8351,Mary,
959,Hicks,846-65-7776,Peter,
961,Smith,287-46-9776,Wayne,
965,Moore,846-48-9238,Billy,
969,Brooks,288-59-8593,Roger,
973,Duncan,863-96-9468,Annie,
977,Wheeler,263-14-7231,Walter,
981,Robinson,873-28-7561,Donald,
985,Patterson,256-31-7892,Christopher,
989,Allen,883-98-9193,Kathryn,
993,Flores,247-72-6304,Joan,
997,Matthews,896-25-8370,Carlos,
1001,Cook,220-58-0896,Brandon,
1005,Reyes,859-55-6280,Jack,
1009,Lawrence,271-53-9609,Carl,
1013,Oliver,913-69-6997,Christopher,
1017,Jackson,209-68-2617,Diana,
1021,Willis,903-87-6930,Benjamin,
1024,Foster,214-77-6416,Andrew,
1027,Jackson,858-93-2794,Steven,
1031,Shaw,272-55-4293,Philip,
1035,Jones,848-25-8473,Harry,
1039,Nguyen,284-01-5241,Wayne,
1043,Jacobs,890-81-1579,John,
1046,Bradley,237-02-1263,Adam,
1049,Austin,873-29-2620,Heather,
1053,Fox,255-89-9885,Matthew,
1055,Cooper,855-81-1387,Ralph,
1057,Williams,274-72-8781,Betty,
1061,Butler,893-12-3541,Maria,
1063,Martin,234-37-9132,Cheryl,
1067,Smith,867-78-8919,Ryan,
1069,Powell,260-95-0836,Theresa,
1073,Alexander,893-63-6176,Amanda,
1076,Sims,222-79-5145,Philip,
1080,Butler,895-45-1258,Patricia,
1084,Harper,220-62-1837,Victor,
1088,Marshall,890-58-5813,Craig,
1092,Moreno,240-77-5251,Andrea,
1096,Ellis,861-75-4699,Janet,
1100,Shaw,266-39-6752,Joan,
1104,Mccoy,859-33-6845,Joshua,
1108,Turner,272-24-9625,Peter,
1111,Hanson,861-16-2336,Patricia,
1114,Phillips,267-89-6011,Andrea,
1118,Thompson,918-23-4923,Ernest,
1122,Elliott,204-79-2659,Karen,
1126,Porter,885-46-4577,Rachel,
1128,Bryant,244-58-2483,Janice,
1129,Chapman,900-49-2935,Frances,
1133,Fields,215-46-0151,Kelly,
1134,Fuller,306-99-5229,Juan,
1138,Hanson,386-26-5935,Andrea,
1140,Murray,392-52-7176,William,
1144,Martinez,397-28-4474,Lillian,
1148,Cunningham,358-19-2542,Janet,
1151,Jacobs,348-63-8190,Henry,
1155,Brown,335-36-7489,Denise,
1159,Foster,318-12-3766,Tammy,
1162,Oliver,364-47-2445,Harold,
1166,Hamilton,305-25-0352,Jason,
1170,Gutierrez,308-26-6839,Emily,
1174,Berry,369-63-7305,Eric,
1178,George,391-46-9135,Andrea,
1182,Hughes,328-87-5383,Nancy,
1186,Hunt,346-96-9018,Justin,
1190,Mills,383-09-0127,Melissa,
1194,Wheeler,323-71-3763,Patricia,
1198,Montgomery,351-83-4608,Andrea,
1202,Fuller,323-32-8478,Jeffrey,
1206,Martin,318-22-2828,Michael,
1210,James,329-25-8167,Walter,
1214,Green,358-44-8218,Edward,
1218,Johnston,367-66-5520,Donald,
1222,Fuller,358-70-5810,Carl,
1226,Hughes,301-93-2650,Louis,
1230,Jenkins,331-13-6835,Philip,
1234,Fernandez,308-53-8009,Kenneth,
1238,Gilbert,622-53-3302,Bonnie,
1242,Clark,378-88-6858,Anne,
1244,Burns,330-07-1068,Marilyn,
1246,Hanson,400-52-2389,Irene,
1250,Day,349-76-9672,Linda,
1253,Butler,307-09-8719,Jennifer,
1257,Nichols,400-15-2581,Doris,
1261,Richards,362-49-5861,Louis,
1265,Murphy,367-54-3328,Amy,
1268,Knight,349-36-6161,Christopher,
1271,Howell,302-08-4754,Matthew,
1275,Phillips,341-10-3619,Roy,
1277,Green,383-26-3713,Jose,
1279,Williamson,337-28-4424,Phillip,
1283,Kelly,311-75-6483,Jessica,
1286,Morales,335-71-7747,Brian,
1289,Rogers,370-83-8697,Donna,
1293,Nguyen,399-27-1032,Jeffrey,
1297,Barnes,386-78-8432,Nicholas,
1301,Gibson,314-45-9119,Virginia,
1304,Dean,335-29-6415,Roy,
1308,Carr,401-01-1355,Patricia,
1312,Gray,303-86-0371,Carol,
1316,Bradley,338-31-6051,Diane,
1320,Austin,304-37-2483,Dennis,
61533,Depeau,,Joe,
